Year,maxT much above normal,maxT much below normal,minT much above normal,minT much below normal,precip much above normal,precip much below normal,Season,Region
1911,1.0,0.0,0.0,1.8,0.0,56.1,Winter,Southeast
1912,0.0,38.3,0.0,15.0,11.0,5.1,Winter,Southeast
1913,13.0,0.0,20.7,0.0,8.4,10.6,Winter,Southeast
1914,0.0,0.9,0.0,0.0,3.0,14.2,Winter,Southeast
1915,0.0,43.0,0.0,0.0,21.6,5.2,Winter,Southeast
1916,1.9,0.0,0.0,0.0,2.6,31.8,Winter,Southeast
1917,0.3,0.0,0.0,0.1,11.9,7.4,Winter,Southeast
1918,0.0,61.8,0.0,70.3,0.0,11.2,Winter,Southeast
1919,0.0,3.1,0.0,0.0,12.2,2.2,Winter,Southeast
1920,0.0,8.2,0.0,13.4,2.6,15.3,Winter,Southeast
1921,0.1,0.0,0.1,0.0,2.7,2.6,Winter,Southeast
1922,6.4,0.0,18.2,0.0,4.8,7.1,Winter,Southeast
1923,15.5,0.0,8.9,0.0,9.1,14.1,Winter,Southeast
1924,0.0,0.0,0.0,0.1,7.8,9.7,Winter,Southeast
1925,0.7,0.0,1.2,0.0,5.4,0.0,Winter,Southeast
1926,0.0,0.7,0.0,0.0,0.0,9.8,Winter,Southeast
1927,54.5,0.0,29.7,0.0,9.2,16.8,Winter,Southeast
1928,0.0,1.8,0.0,0.0,0.0,17.1,Winter,Southeast
1929,0.0,0.0,0.0,0.0,2.6,5.2,Winter,Southeast
1930,1.9,0.0,0.0,0.0,0.0,10.2,Winter,Southeast
1931,0.0,20.5,0.0,8.5,2.6,29.5,Winter,Southeast
1932,100.0,0.0,99.9,0.0,38.5,2.5,Winter,Southeast
1933,17.3,0.0,43.7,0.0,27.8,2.2,Winter,Southeast
1934,2.7,0.0,0.0,0.0,0.0,9.1,Winter,Southeast
1935,0.0,0.0,0.0,1.0,0.0,9.3,Winter,Southeast
1936,0.0,95.2,0.0,84.1,12.0,2.3,Winter,Southeast
1937,3.5,0.0,92.9,0.0,68.6,0.0,Winter,Southeast
1938,0.0,0.0,0.0,0.0,0.0,38.9,Winter,Southeast
1939,7.3,0.0,0.2,0.0,7.1,5.0,Winter,Southeast
1940,0.0,95.6,0.0,91.2,0.0,4.5,Winter,Southeast
1941,0.0,0.0,0.0,0.0,2.5,16.1,Winter,Southeast
1942,0.0,0.3,0.0,0.6,4.9,22.7,Winter,Southeast
1943,0.3,0.0,0.0,0.0,0.0,7.1,Winter,Southeast
1944,0.0,0.0,0.0,0.0,2.4,18.8,Winter,Southeast
1945,0.0,0.5,0.0,0.5,2.3,7.1,Winter,Southeast
1946,0.0,0.0,0.0,0.1,14.1,0.0,Winter,Southeast
1947,0.1,0.0,0.0,0.0,0.0,9.6,Winter,Southeast
1948,0.0,5.3,0.0,3.7,19.5,0.0,Winter,Southeast
1949,97.0,0.0,99.3,0.0,9.3,2.5,Winter,Southeast
1950,96.2,0.0,93.3,0.0,16.2,21.7,Winter,Southeast
1951,0.0,0.3,0.0,7.9,0.0,18.7,Winter,Southeast
1952,36.7,0.0,18.8,0.0,0.0,2.2,Winter,Southeast
1953,0.0,0.0,0.6,0.0,13.9,4.6,Winter,Southeast
1954,1.8,0.0,0.0,0.0,0.0,4.8,Winter,Southeast
1955,0.0,0.0,0.0,1.9,0.0,20.5,Winter,Southeast
1956,0.0,0.0,0.0,0.0,0.0,11.4,Winter,Southeast
1957,82.9,0.0,82.6,0.0,11.2,7.3,Winter,Southeast
1958,0.0,82.2,0.0,78.7,4.5,9.0,Winter,Southeast
1959,0.0,0.0,0.0,2.6,2.3,2.2,Winter,Southeast
1960,0.0,0.0,0.0,0.0,0.0,0.0,Winter,Southeast
1961,0.0,0.5,0.0,39.4,0.0,4.8,Winter,Southeast
1962,2.1,0.0,0.0,0.0,26.9,0.0,Winter,Southeast
1963,0.0,78.9,0.0,92.7,4.7,2.3,Winter,Southeast
1964,0.0,88.7,0.0,89.3,17.2,0.0,Winter,Southeast
1965,0.0,0.0,0.0,0.0,2.6,2.5,Winter,Southeast
1966,0.0,3.9,0.0,0.0,4.8,2.2,Winter,Southeast
1967,0.0,0.0,0.0,0.0,2.5,2.4,Winter,Southeast
1968,0.0,0.6,0.0,22.0,0.0,6.6,Winter,Southeast
1969,0.0,36.0,0.0,19.1,0.0,7.1,Winter,Southeast
1970,0.0,72.0,0.0,96.2,0.0,0.0,Winter,Southeast
1971,0.0,0.0,0.0,0.0,2.3,7.2,Winter,Southeast
1972,19.1,0.0,60.8,0.0,27.4,0.0,Winter,Southeast
1973,0.0,0.0,0.0,0.0,9.6,0.0,Winter,Southeast
1974,46.9,0.0,23.2,0.0,40.5,2.6,Winter,Southeast
1975,6.1,0.0,0.5,0.0,41.1,0.0,Winter,Southeast
1976,0.1,0.0,0.0,2.4,0.0,21.6,Winter,Southeast
1977,0.0,98.7,0.0,99.7,9.8,15.8,Winter,Southeast
1978,0.0,100.0,0.0,97.4,16.7,0.0,Winter,Southeast
1979,0.0,27.5,0.0,20.9,11.7,0.0,Winter,Southeast
1980,0.0,0.0,0.0,0.0,2.2,0.0,Winter,Southeast
1981,0.0,5.0,0.0,73.6,0.0,57.5,Winter,Southeast
1982,0.0,16.0,0.0,0.2,40.1,0.0,Winter,Southeast
1983,0.0,0.0,0.0,0.0,10.5,2.6,Winter,Southeast
1984,0.0,0.8,0.0,6.9,7.1,0.0,Winter,Southeast
1985,0.0,0.0,0.0,0.0,0.0,15.9,Winter,Southeast
1986,0.0,0.0,0.0,0.6,0.0,42.6,Winter,Southeast
1987,0.0,0.3,0.0,0.0,26.1,2.2,Winter,Southeast
1988,0.0,0.0,0.0,0.0,2.4,4.6,Winter,Southeast
1989,19.0,0.0,0.0,0.0,0.0,17.4,Winter,Southeast
1990,0.1,0.0,0.0,0.0,7.2,0.0,Winter,Southeast
1991,17.4,0.0,22.8,0.0,28.2,0.0,Winter,Southeast
1992,17.4,0.0,0.9,0.0,4.8,0.0,Winter,Southeast
1993,0.0,0.0,0.4,0.0,11.9,0.0,Winter,Southeast
1994,0.0,0.3,0.0,0.0,6.7,4.4,Winter,Southeast
1995,0.0,0.0,0.0,0.0,9.4,6.9,Winter,Southeast
1996,0.0,0.0,0.0,0.0,2.3,12.0,Winter,Southeast
1997,2.8,0.0,0.5,0.0,15.8,4.8,Winter,Southeast
1998,0.8,0.0,19.3,0.0,52.4,0.0,Winter,Southeast
1999,95.1,0.0,24.3,0.0,4.6,2.5,Winter,Southeast
2000,5.0,0.0,0.0,0.0,0.0,11.7,Winter,Southeast
2001,0.0,0.2,0.0,0.1,0.0,14.2,Winter,Southeast
2002,45.8,0.0,4.2,0.0,0.0,18.3,Winter,Southeast
2003,0.0,8.3,0.0,1.6,4.8,5.1,Winter,Southeast
2004,0.0,0.5,0.0,0.9,2.5,0.0,Winter,Southeast
2005,0.1,0.0,0.0,0.0,0.0,14.7,Winter,Southeast
2006,0.0,0.0,0.0,0.0,4.9,0.0,Winter,Southeast
2007,1.2,0.0,6.5,0.0,2.6,23.8,Winter,Southeast
2008,17.6,0.0,6.5,0.0,5.0,2.4,Winter,Southeast
2009,0.0,0.0,0.0,0.0,2.3,9.7,Winter,Southeast
2010,0.0,89.9,0.0,22.0,12.0,0.0,Winter,Southeast
2011,0.0,11.8,0.0,30.5,0.0,21.7,Winter,Southeast
2012,80.0,0.0,19.9,0.0,5.7,11.2,Winter,Southeast
2013,21.4,0.0,26.8,0.0,16.2,0.0,Winter,Southeast
2014,2.1,0.2,4.7,1.6,20.9,2.9,Winter,Southeast
2015,0.0,0.5,0.0,0.0,0.0,2.9,Winter,Southeast
2016,9.4,0.0,65.9,0.0,12.5,3.1,Winter,Southeast
2017,99.9,0.0,99.2,0.0,10.2,8.1,Winter,Southeast
2018,2.4,0.0,11.0,0.0,0.0,8.8,Winter,Southeast
2019,6.3,0.0,84.1,0.0,32.0,0.0,Winter,Southeast
2020,55.0,0.0,92.6,0.0,48.2,3.0,Winter,Southeast
2021,0.0,0.0,0.7,0.0,19.1,0.0,Winter,Southeast
2022,83.8,0.0,13.0,0.0,4.4,12.9,Winter,Southeast
1910,19.5,0.0,0.7,11.4,0.0,33.7,Spring,Southeast
1911,8.4,0.6,0.0,5.8,0.0,11.1,Spring,Southeast
1912,0.1,0.1,15.6,0.0,31.8,3.1,Spring,Southeast
1913,0.2,1.7,0.7,0.0,0.0,5.8,Spring,Southeast
1914,0.0,7.0,0.0,26.9,0.0,39.4,Spring,Southeast
1915,0.0,39.2,0.0,42.0,0.0,33.1,Spring,Southeast
1916,0.0,1.7,0.0,12.6,0.0,38.2,Spring,Southeast
1917,0.0,9.2,0.0,14.4,0.0,13.1,Spring,Southeast
1918,11.8,0.1,20.6,0.0,2.4,17.5,Spring,Southeast
1919,0.0,0.6,0.0,0.0,8.0,5.2,Spring,Southeast
1920,0.0,64.3,0.0,20.7,20.3,0.0,Spring,Southeast
1921,38.3,0.0,41.3,0.1,2.5,23.5,Spring,Southeast
1922,0.2,0.0,44.9,0.0,28.8,0.0,Spring,Southeast
1923,0.0,4.7,0.1,2.7,38.7,5.2,Spring,Southeast
1924,0.0,82.8,0.0,47.2,7.9,0.0,Spring,Southeast
1925,24.7,1.1,0.0,4.2,0.0,54.3,Spring,Southeast
1926,0.0,59.7,0.0,96.2,2.7,27.7,Spring,Southeast
1927,18.3,0.6,24.2,0.0,2.5,16.9,Spring,Southeast
1928,0.0,31.6,0.0,12.5,20.9,0.0,Spring,Southeast
1929,5.5,0.0,58.6,0.0,28.6,0.0,Spring,Southeast
1930,0.0,12.0,0.0,0.1,11.2,7.8,Spring,Southeast
1931,0.0,98.2,0.0,83.8,5.4,2.7,Spring,Southeast
1932,0.0,6.5,0.0,30.9,0.0,2.4,Spring,Southeast
1933,1.9,0.0,2.2,0.0,2.3,2.4,Spring,Southeast
1934,0.0,2.9,0.0,0.5,25.5,0.0,Spring,Southeast
1935,11.8,0.0,43.4,0.0,17.4,2.5,Spring,Southeast
1936,4.4,0.9,0.0,0.0,2.6,12.3,Spring,Southeast
1937,0.0,6.1,0.0,7.6,2.7,4.9,Spring,Southeast
1938,43.8,0.0,40.6,0.0,9.8,10.5,Spring,Southeast
1939,0.9,0.0,0.0,0.0,12.4,2.4,Spring,Southeast
1940,0.0,23.7,0.0,71.6,2.4,7.4,Spring,Southeast
1941,0.0,7.8,0.0,30.3,0.0,56.8,Spring,Southeast
1942,17.9,1.2,0.2,7.2,0.0,24.1,Spring,Southeast
1943,0.0,0.0,0.0,0.9,0.0,9.8,Spring,Southeast
1944,0.4,0.0,0.0,0.0,16.4,5.2,Spring,Southeast
1945,94.5,0.0,60.3,0.0,2.4,22.3,Spring,Southeast
1946,6.8,0.0,27.2,0.0,12.5,2.5,Spring,Southeast
1947,0.0,20.7,0.0,20.6,7.8,4.8,Spring,Southeast
1948,30.7,0.0,59.9,0.0,12.9,0.0,Spring,Southeast
1949,0.4,0.0,0.0,0.0,2.5,2.6,Spring,Southeast
1950,0.0,3.2,0.0,9.0,9.8,0.0,Spring,Southeast
1951,0.0,0.0,0.0,0.4,4.8,5.0,Spring,Southeast
1952,0.0,0.0,0.0,1.3,0.0,4.8,Spring,Southeast
1953,14.1,0.0,9.6,0.0,5.2,8.0,Spring,Southeast
1954,0.0,0.0,0.0,0.0,0.0,2.4,Spring,Southeast
1955,80.4,0.0,37.8,0.0,0.0,0.0,Spring,Southeast
1956,0.0,0.0,0.0,1.9,0.0,5.1,Spring,Southeast
1957,0.0,0.0,0.4,0.0,33.4,2.4,Spring,Southeast
1958,0.0,66.7,0.0,0.0,31.7,0.0,Spring,Southeast
1959,1.2,0.0,0.0,0.0,35.8,0.0,Spring,Southeast
1960,0.0,90.9,0.0,86.0,5.5,12.9,Spring,Southeast
1961,0.0,27.2,0.0,11.6,4.9,2.7,Spring,Southeast
1962,0.0,0.0,0.0,1.2,0.0,4.9,Spring,Southeast
1963,19.6,0.0,3.6,0.0,0.0,7.3,Spring,Southeast
1964,0.1,0.0,0.0,0.0,2.4,0.0,Spring,Southeast
1965,0.0,0.1,0.0,0.0,10.2,2.6,Spring,Southeast
1966,0.0,19.5,0.0,2.1,5.0,2.3,Spring,Southeast
1967,48.8,0.0,0.3,4.1,0.0,28.4,Spring,Southeast
1968,0.0,0.0,0.0,10.8,2.4,0.0,Spring,Southeast
1969,0.0,37.6,0.0,53.0,2.7,9.7,Spring,Southeast
1970,0.0,0.1,0.1,0.0,4.9,0.0,Spring,Southeast
1971,0.0,44.0,0.0,99.3,0.0,2.5,Spring,Southeast
1972,0.0,1.2,0.0,1.0,19.3,2.4,Spring,Southeast
1973,0.0,1.0,1.0,0.0,50.7,0.0,Spring,Southeast
1974,15.3,0.0,1.2,0.0,2.6,0.0,Spring,Southeast
1975,7.4,5.3,0.0,0.0,37.1,0.0,Spring,Southeast
1976,13.0,0.0,0.0,0.4,13.1,7.1,Spring,Southeast
1977,59.8,0.0,16.6,0.0,0.0,9.8,Spring,Southeast
1978,0.0,11.9,0.0,1.4,2.5,0.0,Spring,Southeast
1979,0.0,0.0,0.0,0.0,9.7,0.0,Spring,Southeast
1980,0.0,12.2,0.5,0.6,33.8,0.0,Spring,Southeast
1981,0.0,0.0,0.0,14.8,0.0,18.2,Spring,Southeast
1982,0.0,0.0,0.3,0.0,10.8,0.0,Spring,Southeast
1983,0.0,80.1,0.0,36.4,19.7,0.0,Spring,Southeast
1984,0.0,35.9,0.0,13.5,19.6,0.0,Spring,Southeast
1985,34.3,0.0,0.8,0.0,0.0,24.5,Spring,Southeast
1986,11.6,0.0,0.0,4.8,0.0,51.0,Spring,Southeast
1987,0.1,4.0,0.0,0.3,7.8,7.4,Spring,Southeast
1988,0.0,0.0,0.0,23.5,0.0,5.0,Spring,Southeast
1989,2.3,2.5,0.0,0.0,19.6,0.0,Spring,Southeast
1990,0.3,0.0,0.7,0.0,7.7,8.2,Spring,Southeast
1991,11.8,0.0,100.0,0.0,60.9,2.4,Spring,Southeast
1992,0.0,5.9,0.0,29.8,7.4,10.3,Spring,Southeast
1993,0.0,56.8,0.0,49.8,2.4,0.0,Spring,Southeast
1994,0.7,0.0,2.5,0.3,0.0,5.0,Spring,Southeast
1995,15.6,0.0,14.0,0.0,0.0,14.7,Spring,Southeast
1996,0.0,3.0,0.0,9.3,2.4,5.0,Spring,Southeast
1997,0.5,0.0,3.9,10.2,2.4,2.4,Spring,Southeast
1998,0.0,0.0,4.8,0.0,16.6,5.0,Spring,Southeast
1999,1.4,0.0,0.0,0.0,0.0,2.6,Spring,Southeast
2000,40.0,0.0,1.7,0.0,2.3,22.7,Spring,Southeast
2001,0.0,0.0,0.0,0.0,2.5,0.0,Spring,Southeast
2002,33.8,0.0,13.2,0.0,2.4,2.7,Spring,Southeast
2003,5.2,0.6,58.3,0.0,46.6,0.0,Spring,Southeast
2004,48.8,0.0,28.8,0.0,2.4,23.0,Spring,Southeast
2005,0.0,27.8,0.0,34.0,7.9,0.0,Spring,Southeast
2006,16.8,0.0,0.1,0.0,0.0,32.4,Spring,Southeast
2007,29.5,0.0,0.0,1.9,0.0,62.6,Spring,Southeast
2008,0.0,0.0,0.0,0.0,0.0,2.5,Spring,Southeast
2009,0.1,0.0,0.3,0.0,30.3,0.0,Spring,Southeast
2010,21.1,0.4,13.1,0.0,5.3,0.0,Spring,Southeast
2011,42.7,0.0,13.1,0.0,7.8,16.8,Spring,Southeast
2012,96.7,0.0,95.6,0.0,5.2,5.4,Spring,Southeast
2013,0.0,70.8,0.0,32.4,3.0,5.9,Spring,Southeast
2014,0.0,2.9,0.2,1.4,5.5,5.3,Spring,Southeast
2015,23.3,0.0,73.4,0.0,31.4,5.8,Spring,Southeast
2016,16.3,0.0,56.8,0.0,2.4,7.6,Spring,Southeast
2017,41.2,0.0,52.1,0.0,7.9,11.5,Spring,Southeast
2018,0.0,0.2,0.3,0.0,20.9,0.0,Spring,Southeast
2019,24.9,0.0,60.7,0.0,3.0,3.1,Spring,Southeast
2020,26.0,0.0,53.4,0.0,30.5,3.2,Spring,Southeast
2021,5.5,0.0,5.4,0.0,0.0,18.7,Spring,Southeast
2022,45.7,0.0,32.0,0.0,4.8,4.6,Spring,Southeast
1910,0.0,42.9,0.0,14.2,26.0,4.3,Summer,Southeast
1911,18.3,0.6,2.2,7.5,6.6,12.9,Summer,Southeast
1912,0.0,14.4,0.0,8.0,3.5,16.7,Summer,Southeast
1913,9.9,4.7,0.2,15.3,0.0,20.0,Summer,Southeast
1914,38.2,1.0,19.7,0.7,0.0,14.3,Summer,Southeast
1915,7.6,10.2,1.0,4.4,2.8,14.8,Summer,Southeast
1916,0.0,22.1,0.5,9.1,13.3,2.9,Summer,Southeast
1917,0.0,4.8,0.0,24.3,8.3,5.7,Summer,Southeast
1918,1.4,4.7,0.0,35.5,0.0,18.8,Summer,Southeast
1919,0.0,15.5,2.1,3.4,9.6,0.0,Summer,Southeast
1920,0.0,26.0,0.0,14.7,13.6,5.6,Summer,Southeast
1921,11.9,0.7,8.1,7.4,2.8,14.2,Summer,Southeast
1922,0.0,12.8,0.0,9.3,9.3,6.3,Summer,Southeast
1923,0.8,25.3,0.0,0.3,15.8,9.0,Summer,Southeast
1924,14.7,1.9,1.5,2.7,12.2,6.2,Summer,Southeast
1925,53.4,2.8,2.8,1.3,0.0,33.7,Summer,Southeast
1926,0.7,0.9,0.0,1.8,11.4,2.7,Summer,Southeast
1927,5.8,36.5,0.2,32.6,5.9,0.0,Summer,Southeast
1928,0.1,0.7,1.8,2.5,25.2,0.0,Summer,Southeast
1929,0.3,12.8,0.0,45.2,6.2,3.1,Summer,Southeast
1930,24.3,10.3,0.0,43.7,0.0,31.0,Summer,Southeast
1931,27.0,0.2,0.2,6.1,2.7,21.6,Summer,Southeast
1932,18.5,0.0,14.5,0.0,11.9,8.4,Summer,Southeast
1933,0.5,4.0,0.1,3.1,2.7,2.7,Summer,Southeast
1934,11.7,2.9,54.7,0.2,5.5,0.0,Summer,Southeast
1935,1.2,0.4,0.0,1.6,5.8,0.0,Summer,Southeast
1936,31.4,6.6,1.4,0.2,0.0,14.4,Summer,Southeast
1937,2.4,0.2,2.0,1.2,17.1,3.0,Summer,Southeast
1938,0.0,1.1,0.0,11.8,2.6,2.8,Summer,Southeast
1939,0.5,4.9,3.8,0.6,25.1,0.0,Summer,Southeast
1940,0.0,3.2,0.1,0.3,5.5,2.7,Summer,Southeast
1941,0.4,0.0,11.4,0.0,19.8,0.0,Summer,Southeast
1942,7.0,0.1,4.2,0.0,7.9,0.0,Summer,Southeast
1943,50.3,0.0,26.4,1.2,6.0,22.6,Summer,Southeast
1944,4.1,0.0,0.0,1.0,3.0,8.5,Summer,Southeast
1945,0.0,0.4,0.0,0.4,11.0,2.6,Summer,Southeast
1946,0.0,28.3,0.0,36.4,3.1,6.2,Summer,Southeast
1947,0.0,15.6,0.0,38.3,5.6,2.8,Summer,Southeast
1948,0.8,0.0,0.0,0.7,0.0,6.0,Summer,Southeast
1949,0.0,0.8,16.9,0.1,27.8,0.0,Summer,Southeast
1950,0.5,6.7,0.0,24.0,16.0,2.8,Summer,Southeast
1951,25.5,0.0,0.6,0.0,0.0,14.1,Summer,Southeast
1952,82.6,0.0,14.0,0.0,2.7,13.7,Summer,Southeast
1953,15.7,0.7,0.3,0.0,2.8,24.5,Summer,Southeast
1954,77.8,0.0,0.6,4.2,0.0,48.2,Summer,Southeast
1955,0.0,0.0,0.0,32.5,0.0,11.2,Summer,Southeast
1956,2.5,0.0,0.0,22.8,0.0,11.7,Summer,Southeast
1957,0.1,0.6,0.0,1.5,2.9,8.1,Summer,Southeast
1958,0.7,0.8,0.6,0.0,8.4,3.0,Summer,Southeast
1959,0.0,1.5,0.0,0.1,0.0,5.7,Summer,Southeast
1960,0.6,0.4,0.0,0.8,5.4,2.5,Summer,Southeast
1961,0.0,32.1,0.0,53.7,19.0,8.7,Summer,Southeast
1962,0.8,10.5,0.0,11.6,11.8,0.0,Summer,Southeast
1963,0.6,2.2,0.0,37.8,0.0,13.5,Summer,Southeast
1964,0.0,14.8,0.0,1.1,5.7,2.7,Summer,Southeast
1965,0.0,42.7,0.0,21.5,11.5,0.0,Summer,Southeast
1966,1.2,25.2,0.0,68.0,2.9,10.5,Summer,Southeast
1967,0.0,81.7,0.0,84.5,19.1,2.6,Summer,Southeast
1968,0.0,6.3,0.0,7.8,2.9,5.3,Summer,Southeast
1969,0.0,0.1,0.1,2.0,5.2,0.0,Summer,Southeast
1970,0.0,0.1,0.0,3.1,2.6,8.5,Summer,Southeast
1971,0.0,2.5,0.0,4.5,16.2,0.0,Summer,Southeast
1972,0.0,30.4,0.0,81.4,0.0,17.1,Summer,Southeast
1973,0.0,0.8,0.2,0.2,11.6,8.7,Summer,Southeast
1974,0.0,62.8,0.0,62.8,5.8,5.5,Summer,Southeast
1975,0.0,18.4,0.0,2.3,5.8,0.0,Summer,Southeast
1976,0.0,29.6,0.0,78.3,0.0,8.3,Summer,Southeast
1977,15.4,0.0,0.1,0.6,2.9,13.5,Summer,Southeast
1978,0.0,0.0,0.0,0.1,3.2,5.9,Summer,Southeast
1979,1.7,31.9,0.0,35.2,2.7,8.7,Summer,Southeast
1980,39.9,0.0,0.5,0.1,0.0,61.4,Summer,Southeast
1981,13.3,0.0,7.5,0.0,2.7,5.4,Summer,Southeast
1982,0.0,14.7,0.7,0.8,14.0,0.0,Summer,Southeast
1983,8.0,0.0,0.1,1.9,2.9,46.3,Summer,Southeast
1984,0.0,2.5,0.0,24.6,2.7,13.9,Summer,Southeast
1985,0.1,7.2,0.0,1.8,13.7,2.8,Summer,Southeast
1986,24.5,0.0,10.5,0.0,11.2,10.6,Summer,Southeast
1987,27.9,0.0,15.3,0.0,0.0,19.5,Summer,Southeast
1988,7.7,0.0,0.0,7.8,0.0,21.2,Summer,Southeast
1989,3.3,20.5,5.1,0.0,43.6,2.7,Summer,Southeast
1990,17.4,0.0,0.0,0.2,2.9,21.9,Summer,Southeast
1991,0.8,5.3,11.5,0.0,11.4,0.0,Summer,Southeast
1992,0.0,62.4,0.0,7.2,14.0,2.8,Summer,Southeast
1993,53.0,0.0,4.4,0.0,0.0,29.6,Summer,Southeast
1994,0.0,41.1,1.3,0.0,49.9,0.0,Summer,Southeast
1995,0.3,0.0,10.9,0.0,0.0,5.7,Summer,Southeast
1996,0.0,1.9,0.0,0.0,5.2,8.4,Summer,Southeast
1997,0.8,43.3,0.0,20.3,5.3,10.5,Summer,Southeast
1998,49.9,0.0,51.5,0.0,0.0,31.2,Summer,Southeast
1999,3.7,0.0,8.5,0.0,2.9,18.3,Summer,Southeast
2000,18.9,2.7,0.0,0.0,2.7,14.7,Summer,Southeast
2001,0.5,6.1,0.0,0.0,8.0,0.0,Summer,Southeast
2002,20.5,0.8,1.5,0.0,2.8,5.3,Summer,Southeast
2003,0.0,42.9,7.7,0.0,48.1,0.0,Summer,Southeast
2004,3.3,24.1,1.6,0.0,22.1,0.0,Summer,Southeast
2005,0.1,3.9,93.1,0.0,24.9,0.0,Summer,Southeast
2006,22.9,0.0,2.7,0.0,2.7,14.6,Summer,Southeast
2007,29.9,0.0,5.5,0.0,0.0,9.1,Summer,Southeast
2008,6.2,0.0,0.4,1.3,2.9,8.3,Summer,Southeast
2009,3.4,0.2,8.9,0.0,5.3,2.8,Summer,Southeast
2010,77.1,0.0,100.0,0.0,2.6,2.6,Summer,Southeast
2011,87.5,0.0,79.6,0.0,0.0,11.7,Summer,Southeast
2012,0.6,1.7,1.7,0.0,6.0,0.0,Summer,Southeast
2013,0.1,60.9,33.2,0.0,58.2,3.1,Summer,Southeast
2014,1.5,3.5,0.8,0.0,11.4,11.3,Summer,Southeast
2015,15.2,0.0,64.1,0.0,16.1,0.0,Summer,Southeast
2016,56.2,0.0,95.4,0.0,5.8,0.0,Summer,Southeast
2017,0.4,13.4,42.8,0.1,27.1,3.0,Summer,Southeast
2018,3.3,0.1,80.0,0.0,16.2,0.0,Summer,Southeast
2019,9.3,0.0,50.1,0.0,13.0,6.4,Summer,Southeast
2020,8.1,0.1,78.5,0.0,15.3,0.0,Summer,Southeast
2021,2.1,13.4,50.7,0.0,36.2,0.0,Summer,Southeast
2022,9.5,0.0,77.1,0.0,14.6,0.0,Summer,Southeast
1910,0.6,11.7,0.0,10.2,0.0,14.7,Fall,Southeast
1911,5.5,2.7,26.4,0.0,11.9,5.8,Fall,Southeast
1912,0.2,3.0,0.0,0.0,14.4,13.8,Fall,Southeast
1913,0.0,8.7,0.0,41.9,0.0,14.3,Fall,Southeast
1914,0.0,33.4,0.0,4.7,11.8,2.7,Fall,Southeast
1915,16.6,0.0,13.6,0.0,5.6,0.0,Fall,Southeast
1916,0.6,7.0,0.0,13.7,8.2,22.7,Fall,Southeast
1917,0.0,86.4,0.0,100.0,0.0,16.2,Fall,Southeast
1918,0.0,5.0,0.0,3.0,22.1,10.4,Fall,Southeast
1919,87.1,0.0,76.6,0.0,0.0,15.1,Fall,Southeast
1920,0.2,5.9,0.0,4.9,0.0,13.4,Fall,Southeast
1921,71.6,0.0,13.8,0.0,0.0,5.2,Fall,Southeast
1922,8.7,0.0,1.6,0.0,5.9,27.0,Fall,Southeast
1923,0.0,22.1,0.0,13.5,0.0,5.2,Fall,Southeast
1924,0.2,30.4,0.0,20.1,6.4,12.1,Fall,Southeast
1925,12.7,1.5,11.9,0.0,8.5,5.6,Fall,Southeast
1926,0.0,2.7,0.2,0.2,5.3,2.9,Fall,Southeast
1927,64.2,0.0,5.8,0.7,0.0,26.9,Fall,Southeast
1928,0.0,9.1,0.0,0.0,3.1,0.0,Fall,Southeast
1929,0.0,44.7,0.5,0.0,41.0,0.0,Fall,Southeast
1930,0.1,37.9,0.0,1.0,23.0,2.4,Fall,Southeast
1931,88.5,0.0,32.3,0.0,2.7,61.9,Fall,Southeast
1932,0.0,46.7,0.0,2.6,5.1,0.0,Fall,Southeast
1933,20.5,0.3,0.0,0.0,0.0,23.0,Fall,Southeast
1934,5.6,0.0,0.0,0.2,0.0,7.7,Fall,Southeast
1935,0.6,0.4,0.0,0.0,5.3,10.1,Fall,Southeast
1936,0.2,0.0,1.0,0.0,5.8,5.5,Fall,Southeast
1937,0.0,99.4,0.0,51.7,16.6,0.0,Fall,Southeast
1938,11.8,0.6,0.0,0.5,0.0,17.6,Fall,Southeast
1939,3.5,0.0,0.0,0.0,0.0,34.7,Fall,Southeast
1940,0.0,7.0,0.0,54.6,0.0,32.7,Fall,Southeast
1941,70.9,0.0,22.7,0.0,0.0,37.4,Fall,Southeast
1942,11.6,0.0,0.1,0.8,2.5,2.7,Fall,Southeast
1943,0.0,3.7,0.0,99.4,0.0,52.1,Fall,Southeast
1944,0.0,0.6,0.0,8.8,0.0,14.6,Fall,Southeast
1945,1.3,0.1,0.4,0.0,2.7,2.8,Fall,Southeast
1946,9.9,0.0,8.9,0.0,0.0,2.5,Fall,Southeast
1947,0.0,6.2,20.9,0.0,39.7,0.0,Fall,Southeast
1948,0.4,0.5,2.8,0.2,22.6,2.7,Fall,Southeast
1949,0.0,0.0,0.0,0.0,0.0,2.6,Fall,Southeast
1950,0.0,8.5,0.0,10.6,0.0,2.7,Fall,Southeast
1951,0.0,0.2,0.0,0.8,2.6,7.8,Fall,Southeast
1952,0.0,18.1,0.0,73.6,0.0,7.3,Fall,Southeast
1953,12.8,14.0,0.0,18.7,13.1,29.2,Fall,Southeast
1954,11.7,0.9,0.0,6.4,2.6,5.3,Fall,Southeast
1955,0.0,0.0,0.0,5.2,2.5,5.1,Fall,Southeast
1956,0.0,13.9,0.0,13.5,7.4,5.0,Fall,Southeast
1957,0.0,57.7,0.0,0.0,60.8,5.4,Fall,Southeast
1958,2.7,0.0,0.0,0.0,0.0,17.8,Fall,Southeast
1959,0.0,1.5,4.8,0.0,43.8,0.0,Fall,Southeast
1960,0.1,0.0,0.5,0.0,0.0,0.0,Fall,Southeast
1961,4.7,0.0,0.4,1.0,0.0,20.6,Fall,Southeast
1962,0.0,11.2,0.0,5.0,2.7,2.9,Fall,Southeast
1963,0.8,3.0,0.0,28.8,0.0,12.8,Fall,Southeast
1964,0.0,1.2,0.0,9.8,0.0,2.5,Fall,Southeast
1965,0.0,0.1,0.0,0.0,0.0,7.3,Fall,Southeast
1966,0.0,0.8,0.0,18.9,2.4,0.0,Fall,Southeast
1967,0.0,72.6,0.0,92.4,0.0,21.8,Fall,Southeast
1968,0.0,2.7,0.0,29.6,2.4,0.0,Fall,Southeast
1969,0.0,34.6,0.0,10.6,8.1,0.0,Fall,Southeast
1970,1.1,0.0,3.7,0.5,2.5,2.6,Fall,Southeast
1971,0.0,0.0,37.6,0.0,22.0,2.5,Fall,Southeast
1972,0.4,22.0,0.0,0.1,7.5,8.0,Fall,Southeast
1973,52.5,0.0,17.3,0.0,8.2,8.2,Fall,Southeast
1974,0.0,12.3,0.0,80.1,2.7,2.8,Fall,Southeast
1975,0.0,5.3,4.8,0.0,10.7,0.0,Fall,Southeast
1976,0.0,94.9,0.0,95.6,10.1,2.7,Fall,Southeast
1977,0.0,1.4,1.8,0.0,30.9,0.0,Fall,Southeast
1978,41.6,0.0,0.1,0.0,0.0,18.7,Fall,Southeast
1979,0.0,0.5,0.0,0.2,23.1,0.0,Fall,Southeast
1980,0.0,0.0,0.0,0.0,5.0,0.0,Fall,Southeast
1981,0.0,0.9,0.0,66.5,0.0,5.5,Fall,Southeast
1982,0.0,0.3,0.0,0.0,5.3,0.0,Fall,Southeast
1983,0.0,0.5,0.0,0.0,19.0,0.0,Fall,Southeast
1984,0.1,0.0,0.0,0.0,2.9,17.0,Fall,Southeast
1985,48.3,0.0,97.8,0.0,15.9,0.0,Fall,Southeast
1986,19.4,0.0,91.1,0.0,36.6,2.5,Fall,Southeast
1987,0.0,0.0,0.0,45.3,0.0,7.4,Fall,Southeast
1988,1.2,33.2,0.0,17.7,7.6,5.3,Fall,Southeast
1989,1.5,0.2,0.0,0.0,10.4,2.5,Fall,Southeast
1990,71.8,0.0,0.0,0.0,0.0,18.4,Fall,Southeast
1991,0.0,0.0,0.0,1.6,0.0,37.6,Fall,Southeast
1992,0.0,40.6,0.4,0.0,30.0,0.0,Fall,Southeast
1993,1.4,0.4,0.0,0.0,10.2,2.4,Fall,Southeast
1994,0.0,0.0,11.8,0.1,21.6,2.6,Fall,Southeast
1995,0.0,25.2,0.0,0.9,10.1,0.0,Fall,Southeast
1996,0.0,55.7,0.0,0.4,14.6,2.6,Fall,Southeast
1997,0.0,17.2,0.0,0.0,0.0,5.3,Fall,Southeast
1998,68.0,0.0,55.6,0.0,0.0,10.0,Fall,Southeast
1999,5.2,0.0,0.0,0.2,0.0,7.5,Fall,Southeast
2000,0.0,0.9,0.0,3.7,0.0,5.6,Fall,Southeast
2001,9.9,0.0,0.0,6.4,0.0,16.9,Fall,Southeast
2002,4.0,2.4,73.7,0.0,50.4,5.4,Fall,Southeast
2003,3.8,0.0,3.9,0.0,4.8,0.0,Fall,Southeast
2004,0.9,0.0,83.8,0.0,26.4,0.0,Fall,Southeast
2005,32.6,0.0,29.4,0.0,0.0,12.6,Fall,Southeast
2006,0.0,1.1,0.0,5.7,7.7,5.5,Fall,Southeast
2007,43.7,0.0,11.1,0.0,18.2,7.2,Fall,Southeast
2008,0.0,24.7,0.0,2.1,0.0,8.7,Fall,Southeast
2009,9.5,14.0,8.8,0.0,37.8,5.4,Fall,Southeast
2010,68.4,0.0,0.0,1.0,0.0,19.5,Fall,Southeast
2011,0.0,0.0,3.3,2.7,19.5,0.0,Fall,Southeast
2012,0.0,12.4,0.0,5.3,2.5,8.1,Fall,Southeast
2013,1.6,2.3,7.8,0.0,2.9,8.6,Fall,Southeast
2014,0.0,8.7,0.0,3.4,10.5,0.0,Fall,Southeast
2015,14.7,0.1,92.2,0.0,43.9,0.0,Fall,Southeast
2016,76.2,0.0,42.7,0.0,0.0,47.1,Fall,Southeast
2017,5.6,0.0,17.3,0.0,0.0,7.9,Fall,Southeast
2018,17.4,0.3,97.5,0.0,46.5,0.0,Fall,Southeast
2019,46.6,0.0,52.9,0.0,0.0,0.0,Fall,Southeast
2020,21.8,0.0,95.6,0.0,26.7,3.2,Fall,Southeast
2021,1.6,0.2,9.9,0.0,0.0,0.0,Fall,Southeast
1911,0.0,14.9,0.0,19.7,13.8,26.4,Winter,Northeast
1912,0.0,25.4,0.0,11.8,0.0,18.0,Winter,Northeast
1913,8.8,0.0,1.9,0.0,6.5,18.8,Winter,Northeast
1914,0.0,7.1,0.0,14.3,0.0,40.1,Winter,Northeast
1915,0.0,0.0,0.0,0.0,0.0,6.6,Winter,Northeast
1916,0.0,0.0,0.0,0.0,18.7,6.2,Winter,Northeast
1917,0.0,8.4,0.0,6.5,7.0,14.4,Winter,Northeast
1918,0.0,100.0,0.0,100.0,0.0,33.7,Winter,Northeast
1919,8.7,0.0,16.8,0.0,0.0,37.7,Winter,Northeast
1920,0.0,98.5,0.0,98.7,6.3,37.6,Winter,Northeast
1921,0.0,0.0,0.8,0.0,5.7,17.9,Winter,Northeast
1922,0.0,0.1,0.0,8.2,0.0,17.8,Winter,Northeast
1923,0.0,47.8,0.0,44.3,16.6,5.6,Winter,Northeast
1924,0.0,0.0,0.0,0.0,0.0,0.0,Winter,Northeast
1925,0.0,0.3,0.0,3.6,0.0,22.2,Winter,Northeast
1926,0.0,0.9,0.0,0.0,0.0,6.0,Winter,Northeast
1927,0.0,0.0,0.0,0.0,11.0,5.5,Winter,Northeast
1928,0.0,0.0,0.0,0.0,0.0,0.0,Winter,Northeast
1929,0.0,0.0,0.0,0.0,0.0,25.4,Winter,Northeast
1930,0.3,0.0,1.1,2.1,11.0,0.0,Winter,Northeast
1931,0.0,0.0,0.0,0.0,0.0,32.0,Winter,Northeast
1932,72.8,0.0,69.3,0.0,26.0,5.3,Winter,Northeast
1933,86.2,0.0,33.5,0.0,0.0,44.9,Winter,Northeast
1934,0.0,50.7,0.0,77.3,0.0,9.8,Winter,Northeast
1935,0.0,24.3,0.0,35.0,5.1,0.0,Winter,Northeast
1936,0.0,95.8,0.0,61.5,10.1,9.7,Winter,Northeast
1937,68.5,0.0,40.7,0.0,10.9,10.4,Winter,Northeast
1938,0.0,0.0,0.0,0.0,10.4,10.3,Winter,Northeast
1939,0.0,0.0,0.0,0.0,26.2,0.0,Winter,Northeast
1940,0.0,30.4,0.0,3.8,5.1,15.0,Winter,Northeast
1941,0.0,0.0,0.0,0.0,0.0,9.8,Winter,Northeast
1942,0.0,0.0,0.0,0.0,0.0,19.7,Winter,Northeast
1943,0.0,5.0,0.0,0.6,9.9,0.0,Winter,Northeast
1944,0.0,0.0,0.0,2.3,0.0,83.7,Winter,Northeast
1945,0.0,47.3,0.0,23.4,0.0,0.0,Winter,Northeast
1946,0.0,3.5,0.0,4.1,5.1,5.2,Winter,Northeast
1947,0.0,0.0,0.0,0.0,19.5,5.1,Winter,Northeast
1948,0.0,36.2,0.0,80.5,0.0,20.3,Winter,Northeast
1949,73.6,0.0,52.7,0.0,10.1,0.0,Winter,Northeast
1950,28.5,0.0,22.3,0.0,42.6,0.0,Winter,Northeast
1951,7.8,0.0,1.1,0.0,0.0,4.8,Winter,Northeast
1952,0.8,0.0,0.1,0.0,5.1,0.0,Winter,Northeast
1953,32.1,0.0,81.5,0.0,0.0,0.0,Winter,Northeast
1954,19.1,0.0,3.3,0.0,4.8,5.0,Winter,Northeast
1955,0.0,0.0,0.0,0.0,0.0,5.0,Winter,Northeast
1956,0.0,0.0,0.0,0.0,0.0,4.8,Winter,Northeast
1957,0.0,0.0,0.6,0.1,20.5,0.0,Winter,Northeast
1958,0.7,0.1,2.8,0.0,10.0,0.0,Winter,Northeast
1959,0.0,35.7,0.0,84.2,0.0,15.3,Winter,Northeast
1960,0.1,0.0,15.6,0.0,0.0,0.0,Winter,Northeast
1961,0.0,2.4,0.0,64.7,0.0,49.5,Winter,Northeast
1962,0.0,0.0,0.0,0.0,5.4,0.0,Winter,Northeast
1963,0.0,47.6,0.0,65.3,0.0,5.0,Winter,Northeast
1964,0.0,3.3,0.0,2.5,0.0,4.8,Winter,Northeast
1965,0.0,0.2,0.0,0.0,15.8,5.1,Winter,Northeast
1966,0.0,0.0,0.3,0.0,0.0,5.2,Winter,Northeast
1967,0.0,0.0,0.0,0.0,0.0,10.6,Winter,Northeast
1968,0.0,2.3,0.0,3.9,0.0,0.0,Winter,Northeast
1969,0.1,2.7,1.1,0.0,5.2,10.5,Winter,Northeast
1970,0.0,66.4,0.0,53.4,5.6,10.7,Winter,Northeast
1971,0.0,27.4,0.0,13.7,19.9,0.0,Winter,Northeast
1972,0.0,0.0,0.0,3.5,15.1,0.0,Winter,Northeast
1973,0.0,0.0,0.0,0.0,0.0,0.0,Winter,Northeast
1974,0.0,0.0,0.1,0.0,5.8,0.0,Winter,Northeast
1975,0.0,0.0,5.0,0.0,24.0,0.0,Winter,Northeast
1976,0.0,0.0,0.0,0.1,16.8,0.0,Winter,Northeast
1977,0.0,90.0,0.0,80.4,10.3,10.5,Winter,Northeast
1978,0.0,70.9,0.0,44.1,21.3,5.3,Winter,Northeast
1979,0.0,42.1,0.0,16.5,11.9,5.9,Winter,Northeast
1980,0.0,0.0,0.0,0.0,0.0,52.7,Winter,Northeast
1981,0.0,0.0,0.0,4.0,5.2,5.5,Winter,Northeast
1982,0.0,11.5,0.0,0.0,16.0,0.0,Winter,Northeast
1983,50.9,0.0,24.9,0.0,0.0,19.9,Winter,Northeast
1984,0.0,0.0,0.0,0.0,5.3,5.1,Winter,Northeast
1985,0.0,0.0,0.0,0.0,10.5,0.0,Winter,Northeast
1986,0.0,0.0,0.0,0.0,0.0,10.8,Winter,Northeast
1987,0.0,0.0,0.0,0.0,0.0,65.0,Winter,Northeast
1988,0.0,0.0,0.0,0.0,5.3,10.1,Winter,Northeast
1989,0.0,0.0,0.0,0.0,0.0,15.9,Winter,Northeast
1990,0.0,0.0,0.0,0.0,5.1,0.0,Winter,Northeast
1991,48.2,0.0,5.1,0.0,0.0,0.0,Winter,Northeast
1992,1.9,0.0,1.0,0.0,5.2,5.1,Winter,Northeast
1993,0.0,0.0,0.0,0.0,0.0,0.0,Winter,Northeast
1994,0.0,45.5,0.0,53.7,5.1,0.0,Winter,Northeast
1995,0.5,0.0,0.2,0.0,0.0,0.0,Winter,Northeast
1996,0.0,0.0,0.0,0.0,24.9,0.0,Winter,Northeast
1997,9.2,0.0,42.0,0.0,29.4,0.0,Winter,Northeast
1998,86.7,0.0,94.1,0.0,10.0,0.0,Winter,Northeast
1999,98.8,0.0,6.7,0.0,0.0,0.0,Winter,Northeast
2000,0.1,0.0,0.0,0.0,0.0,15.1,Winter,Northeast
2001,0.0,0.0,0.0,0.0,0.0,0.0,Winter,Northeast
2002,100.0,0.0,100.0,0.0,0.0,10.7,Winter,Northeast
2003,0.0,34.9,0.0,0.0,26.5,5.1,Winter,Northeast
2004,0.0,0.0,0.0,0.0,15.0,10.0,Winter,Northeast
2005,0.0,0.0,0.0,0.0,40.0,0.0,Winter,Northeast
2006,2.8,0.0,39.0,0.0,24.5,0.0,Winter,Northeast
2007,0.8,0.0,2.4,0.0,14.9,10.0,Winter,Northeast
2008,0.1,0.0,1.1,0.0,69.8,0.0,Winter,Northeast
2009,0.0,0.0,0.0,0.0,15.4,0.0,Winter,Northeast
2010,4.0,3.0,28.1,0.0,5.2,0.0,Winter,Northeast
2011,0.0,0.9,3.2,0.0,26.1,5.5,Winter,Northeast
2012,99.5,0.0,98.6,0.0,10.0,5.0,Winter,Northeast
2013,0.4,0.0,68.5,0.0,24.9,0.0,Winter,Northeast
2014,0.0,0.4,0.0,3.8,42.3,0.0,Winter,Northeast
2015,0.0,14.1,0.0,7.3,26.1,5.3,Winter,Northeast
2016,99.0,0.0,95.8,0.0,10.2,5.3,Winter,Northeast
2017,92.4,0.0,94.1,0.0,47.4,0.0,Winter,Northeast
2018,0.0,0.0,0.0,0.0,22.2,0.0,Winter,Northeast
2019,0.4,0.0,2.7,0.0,26.1,0.0,Winter,Northeast
2020,68.1,0.0,95.4,0.0,26.5,0.0,Winter,Northeast
2021,11.0,0.0,44.3,0.0,5.8,0.0,Winter,Northeast
2022,15.3,0.0,0.2,0.0,12.5,0.0,Winter,Northeast
1910,33.3,0.0,18.9,0.0,0.0,41.0,Spring,Northeast
1911,0.0,0.0,0.0,19.5,0.0,56.2,Spring,Northeast
1912,0.0,2.0,0.0,21.9,14.6,0.0,Spring,Northeast
1913,1.3,0.0,1.5,0.0,5.2,10.5,Spring,Northeast
1914,0.0,0.9,0.0,4.9,0.0,17.6,Spring,Northeast
1915,0.0,0.6,0.0,2.4,0.0,56.1,Spring,Northeast
1916,0.0,65.3,0.0,52.7,25.0,6.1,Spring,Northeast
1917,0.0,95.8,0.0,34.7,13.0,6.6,Spring,Northeast
1918,32.7,0.0,6.0,0.1,0.0,11.7,Spring,Northeast
1919,0.0,0.0,0.0,0.0,5.2,5.3,Spring,Northeast
1920,0.0,5.2,0.0,31.8,0.0,17.7,Spring,Northeast
1921,99.9,0.0,84.1,0.0,0.0,15.8,Spring,Northeast
1922,0.2,0.0,2.8,0.0,0.0,6.0,Spring,Northeast
1923,0.0,23.2,0.0,91.5,0.0,44.2,Spring,Northeast
1924,0.0,95.0,0.0,12.0,0.0,37.1,Spring,Northeast
1925,0.0,0.0,0.0,1.8,5.7,29.5,Spring,Northeast
1926,0.0,83.9,0.0,100.0,0.0,50.5,Spring,Northeast
1927,0.0,0.0,0.1,0.0,0.0,17.4,Spring,Northeast
1928,0.0,39.0,0.0,44.6,10.7,5.6,Spring,Northeast
1929,0.1,0.0,1.2,0.0,29.3,0.0,Spring,Northeast
1930,0.0,0.0,0.0,0.1,0.0,26.9,Spring,Northeast
1931,7.3,8.5,10.3,0.1,0.0,0.0,Spring,Northeast
1932,0.0,16.1,0.0,36.2,0.0,26.4,Spring,Northeast
1933,0.0,0.7,4.0,0.0,10.2,4.9,Spring,Northeast
1934,0.8,0.0,0.0,18.7,5.5,26.3,Spring,Northeast
1935,0.0,1.0,0.0,2.4,4.8,9.7,Spring,Northeast
1936,0.4,0.0,9.4,0.0,34.9,0.0,Spring,Northeast
1937,0.2,13.7,0.0,0.6,10.3,0.0,Spring,Northeast
1938,1.3,0.0,0.7,0.0,5.3,0.0,Spring,Northeast
1939,0.0,28.8,0.0,35.7,15.0,0.0,Spring,Northeast
1940,0.0,86.0,0.0,49.6,30.2,0.0,Spring,Northeast
1941,0.5,0.0,0.0,10.8,0.0,70.1,Spring,Northeast
1942,59.6,0.0,73.4,0.0,4.8,5.1,Spring,Northeast
1943,0.0,39.2,0.0,36.5,30.0,0.0,Spring,Northeast
1944,0.0,0.0,0.0,5.1,0.0,15.4,Spring,Northeast
1945,95.6,0.0,52.3,0.0,31.7,0.0,Spring,Northeast
1946,62.7,0.0,0.7,0.0,0.0,10.6,Spring,Northeast
1947,0.0,8.8,0.0,5.3,39.8,0.0,Spring,Northeast
1948,1.4,1.5,0.1,5.1,25.1,0.0,Spring,Northeast
1949,2.2,0.0,0.0,0.0,4.9,0.0,Spring,Northeast
1950,0.0,51.0,0.0,82.8,10.2,0.0,Spring,Northeast
1951,0.0,0.0,0.4,0.0,4.8,0.0,Spring,Northeast
1952,0.0,0.0,0.0,0.0,0.0,4.9,Spring,Northeast
1953,0.0,0.0,37.1,0.0,70.6,0.0,Spring,Northeast
1954,0.0,0.0,0.0,0.0,10.2,0.0,Spring,Northeast
1955,22.1,0.0,3.8,0.0,0.0,0.0,Spring,Northeast
1956,0.0,77.5,0.0,92.1,20.3,0.0,Spring,Northeast
1957,0.3,0.0,0.0,0.0,0.0,4.8,Spring,Northeast
1958,0.0,8.2,8.1,0.0,0.0,0.0,Spring,Northeast
1959,0.7,0.0,0.0,0.0,5.3,15.3,Spring,Northeast
1960,0.0,20.5,0.0,22.8,0.0,0.0,Spring,Northeast
1961,0.0,42.4,0.0,0.0,10.4,0.0,Spring,Northeast
1962,0.0,0.0,0.0,0.0,0.0,45.4,Spring,Northeast
1963,0.0,0.0,0.0,1.3,0.0,5.4,Spring,Northeast
1964,0.0,0.0,0.0,0.0,0.0,9.9,Spring,Northeast
1965,0.0,0.1,0.0,0.0,0.0,20.6,Spring,Northeast
1966,0.0,3.2,0.0,2.0,0.0,4.9,Spring,Northeast
1967,0.0,76.1,0.0,83.8,0.0,0.0,Spring,Northeast
1968,3.0,0.0,0.0,0.0,0.0,5.1,Spring,Northeast
1969,0.0,1.1,0.0,0.8,0.0,10.6,Spring,Northeast
1970,0.0,0.1,0.0,0.0,0.0,0.0,Spring,Northeast
1971,0.0,38.5,0.0,49.7,0.0,10.0,Spring,Northeast
1972,0.0,17.1,0.0,32.1,5.2,5.1,Spring,Northeast
1973,0.0,0.0,66.5,0.0,39.5,0.0,Spring,Northeast
1974,0.0,12.2,0.0,1.5,20.8,0.0,Spring,Northeast
1975,0.0,4.4,0.0,0.0,0.0,5.1,Spring,Northeast
1976,2.9,0.0,0.0,0.0,0.0,5.1,Spring,Northeast
1977,93.7,0.0,17.5,0.0,0.0,40.2,Spring,Northeast
1978,0.0,18.2,0.0,2.5,0.0,14.7,Spring,Northeast
1979,0.0,0.0,40.4,0.0,4.9,0.0,Spring,Northeast
1980,0.0,0.0,0.0,0.2,0.0,0.0,Spring,Northeast
1981,3.4,0.0,13.4,0.1,5.0,0.0,Spring,Northeast
1982,0.0,0.0,0.0,0.5,0.0,15.6,Spring,Northeast
1983,0.0,2.2,20.5,0.0,41.8,0.0,Spring,Northeast
1984,0.0,67.1,0.0,15.3,35.5,0.0,Spring,Northeast
1985,41.5,0.0,1.8,0.0,0.0,10.8,Spring,Northeast
1986,46.1,0.0,22.0,0.0,0.0,17.0,Spring,Northeast
1987,39.0,0.0,11.9,0.0,0.0,20.0,Spring,Northeast
1988,0.0,0.0,0.0,0.0,0.0,0.0,Spring,Northeast
1989,0.0,0.0,0.0,0.0,0.0,0.0,Spring,Northeast
1990,0.0,0.0,0.1,0.0,0.0,0.0,Spring,Northeast
1991,93.4,0.0,86.6,0.0,0.0,4.8,Spring,Northeast
1992,0.0,2.6,0.0,7.0,0.0,9.7,Spring,Northeast
1993,0.0,0.0,0.0,0.0,0.0,0.0,Spring,Northeast
1994,0.0,0.0,0.0,0.0,20.2,0.0,Spring,Northeast
1995,0.0,0.0,0.0,0.0,0.0,15.1,Spring,Northeast
1996,0.0,2.1,0.0,6.7,4.9,0.0,Spring,Northeast
1997,0.0,35.2,0.0,25.0,4.8,0.0,Spring,Northeast
1998,72.5,0.0,97.0,0.0,5.0,0.0,Spring,Northeast
1999,17.6,0.0,15.4,0.0,0.0,19.9,Spring,Northeast
2000,15.3,0.0,56.2,0.0,5.2,5.3,Spring,Northeast
2001,0.1,0.0,0.0,0.0,0.0,9.8,Spring,Northeast
2002,4.9,0.0,0.1,0.0,50.0,0.0,Spring,Northeast
2003,0.0,0.1,0.0,8.1,15.9,5.3,Spring,Northeast
2004,17.2,0.0,63.7,0.0,45.1,0.0,Spring,Northeast
2005,0.0,0.3,0.0,14.7,0.0,10.4,Spring,Northeast
2006,12.8,0.0,14.4,0.0,0.0,20.4,Spring,Northeast
2007,0.0,0.0,0.0,0.1,0.0,10.3,Spring,Northeast
2008,0.0,0.0,0.0,0.1,0.0,0.0,Spring,Northeast
2009,2.0,0.0,0.2,0.0,0.0,5.3,Spring,Northeast
2010,100.0,0.0,97.5,0.0,0.0,21.0,Spring,Northeast
2011,1.0,0.0,57.3,0.0,66.5,0.0,Spring,Northeast
2012,100.0,0.0,100.0,0.0,0.0,10.3,Spring,Northeast
2013,0.0,0.0,1.9,0.0,5.2,10.4,Spring,Northeast
2014,0.0,2.3,0.0,24.0,5.1,5.5,Spring,Northeast
2015,0.0,0.0,0.0,0.0,5.1,10.6,Spring,Northeast
2016,22.5,0.0,13.9,0.0,0.0,5.6,Spring,Northeast
2017,0.0,0.0,20.7,0.0,52.5,0.0,Spring,Northeast
2018,0.0,0.0,0.3,0.0,11.3,5.5,Spring,Northeast
2019,2.8,0.3,20.2,0.0,52.7,0.0,Spring,Northeast
2020,0.0,0.0,5.0,0.0,29.5,0.0,Spring,Northeast
2021,54.0,0.0,3.9,0.0,0.0,27.9,Spring,Northeast
2022,29.3,0.0,34.6,0.0,33.4,0.0,Spring,Northeast
1910,0.0,14.0,0.0,8.4,0.0,44.4,Summer,Northeast
1911,1.6,0.0,3.5,0.0,0.0,35.4,Summer,Northeast
1912,0.0,66.6,0.0,74.3,0.0,12.4,Summer,Northeast
1913,0.9,1.9,0.0,51.9,0.0,57.8,Summer,Northeast
1914,0.4,31.3,0.0,29.8,11.8,17.8,Summer,Northeast
1915,0.0,72.3,0.0,24.0,44.6,0.0,Summer,Northeast
1916,0.0,19.5,1.1,0.8,0.0,5.0,Summer,Northeast
1917,0.0,3.8,7.7,0.1,47.1,0.0,Summer,Northeast
1918,0.0,11.0,0.0,24.0,5.1,26.1,Summer,Northeast
1919,3.4,2.7,3.6,1.1,6.1,5.9,Summer,Northeast
1920,0.0,27.0,0.0,1.5,6.4,0.0,Summer,Northeast
1921,15.5,0.0,3.8,0.1,0.0,56.1,Summer,Northeast
1922,0.0,6.7,1.0,0.0,16.8,11.2,Summer,Northeast
1923,0.6,13.6,0.0,65.6,0.0,49.3,Summer,Northeast
1924,0.0,14.9,0.0,61.8,0.0,16.6,Summer,Northeast
1925,0.3,0.0,0.0,1.6,6.1,12.4,Summer,Northeast
1926,0.0,51.8,0.0,46.7,10.3,4.9,Summer,Northeast
1927,0.0,97.4,0.0,99.4,10.3,5.2,Summer,Northeast
1928,0.0,7.6,0.9,0.0,27.9,0.0,Summer,Northeast
1929,0.0,4.1,0.0,80.4,0.0,50.1,Summer,Northeast
1930,14.5,0.0,1.7,10.9,0.0,30.3,Summer,Northeast
1931,0.3,0.0,3.6,0.0,0.0,5.0,Summer,Northeast
1932,0.2,0.0,0.0,5.9,0.0,5.0,Summer,Northeast
1933,19.3,0.0,0.0,0.0,0.0,39.4,Summer,Northeast
1934,18.1,2.7,3.6,5.3,5.0,19.7,Summer,Northeast
1935,0.4,0.0,1.5,0.0,5.0,0.0,Summer,Northeast
1936,23.5,3.3,0.0,1.6,0.0,25.9,Summer,Northeast
1937,29.2,0.0,39.5,0.0,0.0,0.0,Summer,Northeast
1938,12.6,0.0,16.4,0.0,5.5,0.0,Summer,Northeast
1939,15.1,0.0,0.6,0.0,5.5,5.3,Summer,Northeast
1940,0.0,4.6,0.0,14.4,0.0,5.0,Summer,Northeast
1941,1.9,0.0,0.0,1.3,0.0,10.0,Summer,Northeast
1942,0.0,0.6,0.0,0.0,10.7,5.3,Summer,Northeast
1943,22.4,0.0,23.9,0.0,4.8,5.0,Summer,Northeast
1944,52.2,0.0,0.1,0.0,0.0,11.3,Summer,Northeast
1945,0.0,2.9,0.0,0.5,11.9,0.0,Summer,Northeast
1946,0.0,18.3,0.0,71.0,0.0,5.3,Summer,Northeast
1947,7.8,0.1,8.8,0.0,0.0,0.0,Summer,Northeast
1948,0.0,0.0,0.0,0.3,5.2,0.0,Summer,Northeast
1949,87.0,0.0,48.4,0.0,0.0,46.8,Summer,Northeast
1950,0.0,1.4,0.0,29.2,0.0,0.0,Summer,Northeast
1951,0.0,1.0,0.0,0.3,5.1,5.2,Summer,Northeast
1952,53.5,0.0,0.3,0.0,0.0,5.1,Summer,Northeast
1953,10.3,0.0,0.0,8.1,0.0,45.1,Summer,Northeast
1954,0.0,19.4,0.0,13.5,5.0,5.1,Summer,Northeast
1955,61.0,0.0,23.2,0.0,0.0,5.1,Summer,Northeast
1956,0.0,14.9,0.0,18.4,25.3,5.0,Summer,Northeast
1957,1.0,0.2,0.0,15.9,0.0,30.0,Summer,Northeast
1958,0.0,61.1,0.0,25.8,5.2,0.0,Summer,Northeast
1959,7.0,0.0,26.6,0.0,0.0,0.0,Summer,Northeast
1960,0.0,0.1,0.0,6.2,0.0,0.0,Summer,Northeast
1961,0.0,0.1,0.0,0.0,10.2,0.0,Summer,Northeast
1962,0.0,9.6,0.0,32.7,0.0,5.0,Summer,Northeast
1963,0.0,0.2,0.0,35.9,0.0,5.1,Summer,Northeast
1964,0.0,3.1,0.0,34.0,0.0,0.0,Summer,Northeast
1965,0.0,3.2,0.0,71.0,0.0,5.0,Summer,Northeast
1966,28.7,0.0,0.0,8.5,0.0,50.6,Summer,Northeast
1967,0.4,1.2,9.2,0.6,10.0,0.0,Summer,Northeast
1968,0.3,4.8,0.0,2.6,4.8,0.0,Summer,Northeast
1969,0.0,0.0,0.0,0.0,5.1,5.0,Summer,Northeast
1970,0.3,0.0,2.8,0.0,0.0,5.0,Summer,Northeast
1971,0.3,0.0,0.0,3.9,0.0,14.8,Summer,Northeast
1972,0.0,63.1,0.0,0.8,19.6,0.0,Summer,Northeast
1973,16.0,0.0,75.8,0.0,0.0,10.7,Summer,Northeast
1974,0.0,1.6,0.0,1.5,4.8,0.0,Summer,Northeast
1975,3.3,0.0,2.3,0.0,0.0,0.0,Summer,Northeast
1976,0.0,1.0,0.1,2.6,9.8,5.2,Summer,Northeast
1977,0.0,13.2,0.0,0.3,15.5,0.0,Summer,Northeast
1978,0.0,0.0,0.0,0.1,5.6,5.5,Summer,Northeast
1979,0.0,18.0,0.0,1.7,0.0,0.0,Summer,Northeast
1980,0.3,0.0,0.0,0.0,5.0,0.0,Summer,Northeast
1981,0.0,0.0,0.0,0.0,5.1,5.3,Summer,Northeast
1982,0.0,65.1,0.0,46.0,0.0,5.4,Summer,Northeast
1983,37.1,0.0,0.0,0.0,0.0,21.1,Summer,Northeast
1984,0.3,0.0,6.6,0.0,5.6,0.0,Summer,Northeast
1985,0.0,38.7,0.0,19.7,10.8,0.0,Summer,Northeast
1986,0.0,52.3,0.0,5.3,29.7,0.0,Summer,Northeast
1987,6.3,0.0,7.5,0.0,0.0,0.0,Summer,Northeast
1988,41.2,0.0,0.7,0.1,0.0,21.4,Summer,Northeast
1989,0.0,3.3,3.9,0.0,15.2,4.8,Summer,Northeast
1990,0.2,0.5,2.5,0.0,10.5,0.0,Summer,Northeast
1991,30.6,0.0,1.4,0.0,0.0,21.2,Summer,Northeast
1992,0.0,84.4,0.0,26.3,19.9,0.0,Summer,Northeast
1993,2.7,0.0,0.0,0.0,5.1,0.0,Summer,Northeast
1994,4.3,0.0,18.4,0.0,10.0,0.0,Summer,Northeast
1995,63.4,0.0,29.8,0.0,0.0,15.5,Summer,Northeast
1996,0.0,0.0,0.1,0.0,9.9,0.0,Summer,Northeast
1997,0.0,0.1,0.0,2.0,5.0,5.0,Summer,Northeast
1998,0.0,0.0,2.3,0.0,15.4,0.0,Summer,Northeast
1999,57.2,0.0,8.9,0.0,0.0,16.0,Summer,Northeast
2000,0.0,63.4,0.0,0.0,44.1,0.0,Summer,Northeast
2001,11.2,0.0,0.2,0.0,0.0,5.0,Summer,Northeast
2002,35.6,0.0,12.3,0.0,0.0,5.3,Summer,Northeast
2003,0.0,1.2,19.8,0.0,58.3,0.0,Summer,Northeast
2004,0.0,36.4,0.0,0.0,78.7,0.0,Summer,Northeast
2005,78.8,0.0,85.4,0.0,5.2,5.2,Summer,Northeast
2006,0.2,0.0,65.4,0.0,24.8,0.0,Summer,Northeast
2007,0.5,0.0,0.0,0.0,0.0,0.0,Summer,Northeast
2008,2.8,0.0,16.9,0.0,54.6,5.2,Summer,Northeast
2009,0.0,52.6,0.0,0.0,50.2,0.0,Summer,Northeast
2010,34.1,0.0,92.1,0.0,9.9,5.2,Summer,Northeast
2011,14.3,0.0,51.9,0.0,5.3,0.0,Summer,Northeast
2012,29.6,0.0,35.3,0.0,0.0,5.0,Summer,Northeast
2013,0.5,0.0,45.7,0.0,15.0,0.0,Summer,Northeast
2014,0.0,0.3,3.3,0.2,20.2,0.0,Summer,Northeast
2015,0.1,0.1,2.9,0.0,24.7,0.0,Summer,Northeast
2016,61.1,0.0,50.9,0.0,0.0,5.3,Summer,Northeast
2017,0.0,1.8,1.8,0.0,10.5,0.0,Summer,Northeast
2018,29.2,0.0,81.2,0.0,20.2,0.0,Summer,Northeast
2019,8.3,0.0,18.6,0.0,15.9,0.0,Summer,Northeast
2020,79.2,0.0,83.9,0.0,0.0,10.3,Summer,Northeast
2021,12.9,0.0,97.9,0.0,61.1,0.0,Summer,Northeast
2022,45.4,0.0,38.6,0.0,0.0,6.6,Summer,Northeast
1910,0.0,17.4,0.1,0.1,0.0,15.6,Fall,Northeast
1911,0.0,59.1,0.0,43.3,6.1,11.6,Fall,Northeast
1912,0.1,0.0,3.7,0.0,0.0,14.4,Fall,Northeast
1913,0.0,0.1,7.4,0.0,4.3,20.8,Fall,Northeast
1914,0.0,0.0,0.0,23.2,0.0,59.5,Fall,Northeast
1915,0.4,0.0,4.6,0.0,0.0,31.8,Fall,Northeast
1916,0.2,0.0,0.0,41.4,0.0,30.5,Fall,Northeast
1917,0.0,100.0,0.0,100.0,0.0,9.6,Fall,Northeast
1918,0.0,4.4,0.0,2.5,13.2,4.6,Fall,Northeast
1919,0.6,13.2,5.5,0.5,28.3,0.0,Fall,Northeast
1920,0.0,0.0,1.9,0.0,0.0,15.1,Fall,Northeast
1921,0.9,0.1,6.4,0.2,18.4,0.0,Fall,Northeast
1922,8.4,0.2,0.0,0.0,0.0,68.6,Fall,Northeast
1923,0.0,2.9,0.0,1.0,0.0,42.4,Fall,Northeast
1924,0.0,4.0,0.0,64.5,0.0,79.8,Fall,Northeast
1925,0.0,96.1,0.0,58.5,4.9,0.0,Fall,Northeast
1926,0.0,36.9,0.0,10.3,18.4,4.4,Fall,Northeast
1927,23.5,0.0,3.0,0.0,0.0,4.6,Fall,Northeast
1928,0.0,9.0,0.0,12.3,0.0,9.0,Fall,Northeast
1929,0.0,0.0,0.0,0.4,4.7,4.5,Fall,Northeast
1930,1.8,0.0,0.0,1.9,0.0,45.1,Fall,Northeast
1931,86.6,0.0,85.5,0.0,4.3,16.8,Fall,Northeast
1932,0.0,0.0,0.0,0.2,0.0,21.7,Fall,Northeast
1933,0.0,43.1,0.0,43.4,4.3,4.2,Fall,Northeast
1934,0.3,0.0,2.6,0.0,0.0,0.0,Fall,Northeast
1935,0.0,0.0,0.0,0.1,9.6,4.6,Fall,Northeast
1936,0.0,19.8,0.0,34.7,0.0,0.0,Fall,Northeast
1937,0.0,31.0,0.0,25.5,4.3,0.0,Fall,Northeast
1938,1.0,0.0,0.0,8.1,8.5,8.3,Fall,Northeast
1939,0.0,2.1,0.0,33.3,0.0,8.1,Fall,Northeast
1940,0.0,63.8,0.0,66.4,0.0,13.0,Fall,Northeast
1941,53.9,0.0,1.4,0.0,0.0,29.6,Fall,Northeast
1942,0.0,0.0,0.0,0.1,8.8,0.0,Fall,Northeast
1943,0.0,8.5,0.0,48.4,0.0,4.1,Fall,Northeast
1944,0.0,0.1,0.4,0.0,0.0,0.0,Fall,Northeast
1945,0.0,0.0,0.0,0.0,64.0,0.0,Fall,Northeast
1946,94.7,0.0,4.7,0.0,0.0,17.5,Fall,Northeast
1947,43.8,0.0,0.0,0.0,0.0,49.4,Fall,Northeast
1948,31.5,0.0,0.1,0.0,4.3,8.1,Fall,Northeast
1949,0.0,0.0,0.0,0.0,8.4,0.0,Fall,Northeast
1950,0.0,1.5,0.0,0.0,0.0,0.0,Fall,Northeast
1951,0.0,0.0,0.0,18.6,0.0,4.3,Fall,Northeast
1952,0.0,0.0,0.0,21.5,0.0,29.2,Fall,Northeast
1953,72.6,0.0,0.2,4.6,0.0,70.7,Fall,Northeast
1954,0.0,0.0,1.8,0.0,20.5,0.0,Fall,Northeast
1955,0.0,0.0,0.0,0.0,0.0,0.0,Fall,Northeast
1956,0.0,0.2,0.0,21.3,4.3,0.0,Fall,Northeast
1957,0.1,0.1,4.2,0.0,4.3,0.0,Fall,Northeast
1958,0.0,0.0,0.0,0.0,16.8,0.0,Fall,Northeast
1959,0.0,0.0,0.4,0.0,8.5,0.0,Fall,Northeast
1960,0.0,0.0,0.0,0.0,0.0,24.9,Fall,Northeast
1961,82.1,0.0,67.7,0.0,0.0,4.1,Fall,Northeast
1962,0.0,71.7,0.0,37.2,0.0,0.0,Fall,Northeast
1963,52.3,0.0,0.0,0.7,0.0,30.4,Fall,Northeast
1964,3.4,0.0,0.0,62.8,0.0,58.7,Fall,Northeast
1965,0.0,6.9,0.0,3.5,8.3,0.0,Fall,Northeast
1966,0.0,0.0,0.0,14.3,0.0,4.0,Fall,Northeast
1967,0.0,44.2,0.0,46.8,0.0,4.1,Fall,Northeast
1968,0.0,0.0,1.3,0.0,0.0,0.0,Fall,Northeast
1969,0.0,0.0,0.0,0.5,4.1,0.0,Fall,Northeast
1970,0.7,0.0,65.1,0.0,33.2,0.0,Fall,Northeast
1971,1.5,0.0,68.8,0.0,0.0,4.1,Fall,Northeast
1972,0.0,90.4,0.0,23.6,4.8,0.0,Fall,Northeast
1973,1.6,0.0,1.9,0.0,0.0,4.7,Fall,Northeast
1974,0.0,24.1,0.0,34.1,0.0,0.0,Fall,Northeast
1975,0.0,0.0,1.9,0.0,10.0,0.0,Fall,Northeast
1976,0.0,97.9,0.0,78.3,8.4,0.0,Fall,Northeast
1977,0.0,0.0,10.3,0.0,73.8,0.0,Fall,Northeast
1978,0.0,0.7,0.0,53.3,0.0,12.8,Fall,Northeast
1979,0.0,0.0,1.3,0.0,8.8,0.0,Fall,Northeast
1980,0.0,48.6,0.0,12.7,0.0,0.0,Fall,Northeast
1981,0.0,61.4,0.0,3.0,24.6,0.0,Fall,Northeast
1982,0.0,0.0,0.0,0.0,0.0,4.7,Fall,Northeast
1983,0.4,0.0,0.4,0.0,0.0,0.0,Fall,Northeast
1984,0.0,0.0,0.0,0.3,0.0,0.0,Fall,Northeast
1985,7.8,0.0,32.5,0.0,39.4,0.0,Fall,Northeast
1986,0.0,25.5,0.0,21.1,12.8,0.0,Fall,Northeast
1987,0.0,0.0,0.0,0.0,20.9,0.0,Fall,Northeast
1988,0.0,7.6,0.0,15.6,16.8,0.0,Fall,Northeast
1989,0.0,0.0,0.0,0.1,21.8,0.0,Fall,Northeast
1990,6.3,0.0,9.6,0.0,8.3,4.3,Fall,Northeast
1991,0.0,0.0,0.0,0.1,8.6,9.0,Fall,Northeast
1992,0.0,44.0,0.0,0.0,18.2,0.0,Fall,Northeast
1993,0.0,0.8,0.0,2.1,30.5,0.0,Fall,Northeast
1994,0.0,0.0,0.0,0.0,0.0,13.1,Fall,Northeast
1995,0.0,0.0,0.0,0.7,8.1,0.0,Fall,Northeast
1996,0.0,31.0,0.0,0.0,17.3,0.0,Fall,Northeast
1997,0.0,10.0,0.0,0.3,8.2,0.0,Fall,Northeast
1998,10.2,0.0,21.1,0.0,0.0,12.8,Fall,Northeast
1999,33.7,0.0,25.1,0.0,0.0,4.4,Fall,Northeast
2000,0.0,0.0,0.0,0.1,0.0,8.9,Fall,Northeast
2001,92.8,0.0,21.4,0.0,4.4,17.8,Fall,Northeast
2002,0.0,0.0,0.0,0.0,21.4,0.0,Fall,Northeast
2003,0.9,0.0,1.6,0.0,56.8,0.0,Fall,Northeast
2004,0.0,0.0,23.1,0.0,4.2,16.3,Fall,Northeast
2005,47.4,0.0,81.3,0.0,8.6,0.0,Fall,Northeast
2006,0.0,0.1,31.7,0.0,21.8,0.0,Fall,Northeast
2007,62.8,0.0,52.0,0.0,0.0,0.0,Fall,Northeast
2008,0.0,0.0,0.0,0.0,0.0,0.0,Fall,Northeast
2009,0.0,0.0,2.5,0.0,4.2,0.0,Fall,Northeast
2010,2.6,0.0,27.1,0.0,12.1,0.0,Fall,Northeast
2011,53.9,0.0,99.0,0.0,37.8,0.0,Fall,Northeast
2012,0.0,0.0,3.8,0.0,18.2,0.0,Fall,Northeast
2013,0.0,0.1,0.0,0.0,4.2,0.0,Fall,Northeast
2014,0.0,0.4,4.2,0.0,21.4,0.0,Fall,Northeast
2015,97.2,0.0,79.9,0.0,0.0,13.5,Fall,Northeast
2016,84.1,0.0,76.5,0.0,18.3,9.3,Fall,Northeast
2017,71.4,0.0,62.3,0.0,0.0,4.7,Fall,Northeast
2018,0.0,17.7,58.0,0.0,95.3,0.0,Fall,Northeast
2019,0.0,0.1,1.4,0.0,0.0,0.0,Fall,Northeast
2020,25.7,0.0,30.9,0.0,0.0,0.0,Fall,Northeast
2021,38.1,0.0,99.8,0.0,38.9,0.0,Fall,Northeast
